-- phpMyAdmin SQL Dump
-- version 4.0.10deb1
-- http://www.phpmyadmin.net
--
-- Host: localhost
-- Erstellungszeit: 02. Mai 2017 um 11:17
-- Server Version: 5.5.55-0ubuntu0.14.04.1
-- PHP-Version: 5.5.9-1ubuntu4.21

SET SQL_MODE = "NO_AUTO_VALUE_ON_ZERO";
SET time_zone = "+00:00";


/*!40101 SET @OLD_CHARACTER_SET_CLIENT=@@CHARACTER_SET_CLIENT */;
/*!40101 SET @OLD_CHARACTER_SET_RESULTS=@@CHARACTER_SET_RESULTS */;
/*!40101 SET @OLD_COLLATION_CONNECTION=@@COLLATION_CONNECTION */;
/*!40101 SET NAMES utf8 */;

--
-- Datenbank: `cfscert`
--

-- --------------------------------------------------------

--
-- Tabellenstruktur für Tabelle `certificates`
--

CREATE TABLE IF NOT EXISTS `certificates` (
  `id` int(5) NOT NULL AUTO_INCREMENT,
  `ident` varchar(255) NOT NULL,
  `kva` varchar(5) NOT NULL DEFAULT 'GC',
  `description` text NOT NULL,
  `lang` varchar(3) NOT NULL,
  `margintop` int(5) NOT NULL,
  `marginright` int(5) NOT NULL,
  `marginleft` int(5) NOT NULL,
  `title` varchar(255) NOT NULL,
  `pdftemplate` varchar(255) NOT NULL,
  `cr` int(3) NOT NULL,
  `cg` int(3) NOT NULL,
  `cb` int(3) NOT NULL,
  `gclabel` tinyint(1) NOT NULL,
  `active` tinyint(1) DEFAULT '0',
  PRIMARY KEY (`id`)
) ENGINE=InnoDB  DEFAULT CHARSET=utf8 AUTO_INCREMENT=56 ;

--
-- Daten für Tabelle `certificates`
--

INSERT INTO `certificates` (`id`, `ident`, `kva`, `description`, `lang`, `margintop`, `marginright`, `marginleft`, `title`, `pdftemplate`, `cr`, `cg`, `cb`, `gclabel`, `active`) VALUES
(1, '9988', 'GC', 'DQS CFS - GC Mark Certificate', 'EN', 20, 15, 50, 'Dummy Certificate', 'gc-1.pdf', 255, 255, 255, 1, 0),
(16, '9988', 'GC', 'General Template', 'EN', 0, 0, 0, 'Dummy Certificate', 'gc-zert.pdf', 0, 0, 0, 0, 0),
(20, '666', 'GC', 'General Template', 'EN', 0, 0, 0, 'Verified Pest Management Provider', 'gc-zert.pdf', 0, 0, 0, 0, 1),
(21, '666', 'GC', 'DQS CFS - GC Mark Certificate', 'EN', 20, 15, 50, 'Verified Pest Management Provider', 'gc-21.pdf', 255, 255, 255, 1, 1),
(22, '340', 'GC', 'General Template', 'EN', 0, 0, 0, 'Verified Hygiene Management', 'gc-zert.pdf', 0, 0, 0, 0, 1),
(23, '340', 'GC', 'DQS CFS - GC Mark Certificate', 'EN', 20, 15, 50, 'Verified Hygiene Management', 'gc-23.pdf', 255, 255, 255, 1, 1),
(24, '811', 'GC', 'General Template', 'EN', 0, 0, 0, 'Verified Cosmetics GMP Compliance', 'gc-zert.pdf', 0, 0, 0, 0, 1),
(25, '811', 'GC', 'DQS CFS - GC Mark Certificate', 'EN', 20, 15, 50, 'Verified Cosmetics GMP Compliance', 'gc-25.pdf', 255, 255, 255, 1, 1),
(26, '350', 'GC', 'General Template', 'EN', 0, 0, 0, 'Verified Hygiene Packaging', 'gc-zert.pdf', 0, 0, 0, 0, 1),
(27, '350', 'GC', 'DQS CFS - GC Mark Certificate', 'EN', 20, 15, 50, 'Verified Hygiene Packaging', 'gc-27.pdf', 255, 255, 255, 1, 1),
(28, '301', 'GC', 'DQS CFS - GC Mark Certificate', 'EN', 20, 15, 50, 'SMETA Conform', 'gc-28.pdf', 255, 255, 255, 1, 1),
(29, '301', 'GC', 'General Template', 'EN', 0, 0, 0, 'SMETA Conform', 'gc-zert.pdf', 0, 0, 0, 0, 1),
(30, '281', 'GC', 'General Template', 'EN', 0, 0, 0, 'Verified Food Processing Lighting', 'gc-zert.pdf', 0, 0, 0, 0, 1),
(31, '281', 'GC', 'DQS CFS - GC Mark Certificate', 'EN', 20, 15, 50, 'Verified Food Processing Lighting', 'gc-31.pdf', 255, 255, 255, 1, 1),
(32, '303', 'GC', 'General Template', 'EN', 0, 0, 0, 'Green Company', 'gc-zert.pdf', 0, 0, 0, 0, 1),
(34, '303', 'GC', 'DQS CFS - GC Mark Certificate', 'EN', 20, 15, 50, 'Green Company', 'gc-34.pdf', 255, 255, 255, 1, 1),
(36, '4598', 'GC', 'General Template', 'EN', 0, 0, 0, 'Geprüfter Hygiene Service', 'gc-zert.pdf', 0, 0, 0, 0, 0),
(37, '4598', 'GC', '', 'EN', 20, 15, 50, 'Geprüfter Hygiene Service', 'gc-37.pdf', 255, 255, 255, 1, 0),
(38, '803', 'GC', 'General Template', 'EN', 0, 0, 0, 'Trusted Brand', 'gc-zert.pdf', 0, 0, 0, 0, 1),
(39, '803', 'GC', 'DQS CFS - GC Mark Certificate', 'EN', 20, 15, 50, 'Trusted Brand', 'gc-39.pdf', 255, 255, 255, 1, 1),
(40, '231', 'GC', 'General Template', 'EN', 0, 0, 0, 'Verified Hygienic Product', 'gc-zert.pdf', 0, 0, 0, 0, 1),
(41, '231', 'GC', 'DQS CFS - GC Mark Certificate', 'EN', 20, 15, 50, 'Verified Hygienic Product', 'gc-41.pdf', 255, 255, 255, 1, 1),
(42, '211', 'GC', 'General Template', 'EN', 0, 0, 0, 'Verified Product Quality', 'gc-zert.pdf', 0, 0, 0, 0, 1),
(43, '211', 'GC', 'DQS CFS - GC Mark Certificate', 'EN', 20, 15, 50, 'Verified Product Quality', 'gc-43.pdf', 255, 255, 255, 1, 1),
(44, '402', 'GC', 'General Template', 'EN', 0, 0, 0, 'Verified Service Quality', 'gc-zert.pdf', 0, 0, 0, 0, 1),
(45, '402', 'GC', 'DQS CFS - GC Mark Certificate', 'EN', 20, 15, 50, 'Verified Service Quality', 'gc-45.pdf', 255, 255, 255, 1, 1),
(46, '241', 'GC', 'General Template', 'EN', 0, 0, 0, 'Green Product', 'gc-zert.pdf', 0, 0, 0, 0, 1),
(47, '241', 'GC', 'DQS CFS - GC Mark Certificate', 'EN', 20, 15, 50, 'Green Product', 'gc-47.pdf', 255, 255, 255, 1, 1),
(48, '403', 'GC', 'General Template', 'EN', 0, 0, 0, 'Verified Customer Satisfaction', 'gc-zert.pdf', 0, 0, 0, 0, 1),
(49, '403', 'GC', 'DQS CFS - GC Mark Certificate', 'EN', 20, 15, 50, 'Verified Customer Satisfaction', 'gc-49.pdf', 255, 255, 255, 1, 1),
(50, '309', 'GC', 'General Template', 'EN', 0, 0, 0, 'Verified Social Responsibility', 'gc-zert.pdf', 0, 0, 0, 0, 1),
(51, '309', 'GC', 'DQS CFS - GC Mark Certificate', 'EN', 20, 15, 50, 'Verified Social Responsibility', 'gc-51.pdf', 255, 255, 255, 1, 1),
(52, '720', 'GC', 'General Template', 'EN', 0, 0, 0, 'Verified Supply Chain Security Management', 'gc-zert.pdf', 0, 0, 0, 0, 1),
(53, '720', 'GC', 'DQS CFS - GC Mark Certificate', 'EN', 20, 15, 50, 'Verified Supply Chain Security Management', 'gc-53.pdf', 255, 255, 255, 1, 1),
(54, '311', 'GC', 'General Template', 'EN', 0, 0, 0, 'Verified Business Continuity Management', 'gc-zert.pdf', 0, 0, 0, 0, 1),
(55, '311', 'GC', 'DQS CFS - GC Mark Certificate', 'EN', 20, 15, 50, 'Verified Business Continuity Management', 'gc-55.pdf', 255, 255, 255, 1, 1);

-- --------------------------------------------------------

--
-- Tabellenstruktur für Tabelle `cert_elements`
--

CREATE TABLE IF NOT EXISTS `cert_elements` (
  `id` bigint(20) NOT NULL AUTO_INCREMENT,
  `certificates_id` int(11) NOT NULL,
  `elements_id` int(11) NOT NULL,
  PRIMARY KEY (`id`)
) ENGINE=InnoDB  DEFAULT CHARSET=utf8 AUTO_INCREMENT=1120 ;

--
-- Daten für Tabelle `cert_elements`
--

INSERT INTO `cert_elements` (`id`, `certificates_id`, `elements_id`) VALUES
(11, 1, 1),
(35, 1, 17),
(76, 1, 25),
(77, 1, 26),
(86, 1, 27),
(90, 16, 2),
(91, 16, 4),
(92, 16, 6),
(93, 16, 7),
(94, 16, 8),
(95, 16, 9),
(96, 16, 10),
(97, 16, 12),
(98, 16, 11),
(101, 16, 21),
(102, 16, 20),
(103, 16, 24),
(104, 16, 22),
(106, 16, 28),
(152, 1, 31),
(153, 1, 30),
(154, 1, 29),
(156, 16, 32),
(162, 16, 33),
(163, 16, 35),
(164, 16, 34),
(165, 16, 36),
(166, 16, 37),
(167, 16, 38),
(168, 16, 39),
(169, 16, 41),
(170, 16, 40),
(274, 16, 47),
(276, 20, 4),
(278, 20, 7),
(279, 20, 8),
(280, 20, 9),
(281, 20, 10),
(282, 20, 12),
(283, 20, 11),
(290, 20, 32),
(291, 20, 33),
(293, 20, 34),
(294, 20, 36),
(295, 20, 37),
(296, 20, 38),
(297, 20, 39),
(298, 20, 41),
(299, 20, 40),
(306, 21, 1),
(307, 21, 17),
(308, 21, 25),
(309, 21, 26),
(310, 21, 27),
(312, 21, 30),
(313, 21, 29),
(322, 16, 49),
(323, 20, 49),
(324, 21, 48),
(325, 20, 50),
(326, 20, 46),
(327, 20, 51),
(329, 21, 53),
(332, 22, 2),
(333, 22, 4),
(334, 22, 6),
(335, 22, 7),
(336, 22, 8),
(337, 22, 9),
(338, 22, 10),
(339, 22, 12),
(340, 22, 11),
(341, 22, 21),
(342, 22, 20),
(343, 22, 24),
(344, 22, 22),
(345, 22, 28),
(346, 22, 32),
(347, 22, 33),
(348, 22, 34),
(349, 22, 36),
(350, 22, 37),
(351, 22, 38),
(352, 22, 39),
(353, 22, 41),
(354, 22, 40),
(355, 22, 47),
(356, 22, 49),
(358, 22, 46),
(359, 22, 51),
(360, 22, 52),
(361, 22, 55),
(362, 22, 55),
(363, 23, 1),
(364, 23, 17),
(365, 23, 25),
(366, 23, 26),
(367, 23, 27),
(368, 23, 30),
(369, 23, 29),
(370, 23, 48),
(371, 23, 53),
(378, 22, 56),
(379, 24, 2),
(380, 24, 4),
(381, 24, 6),
(382, 24, 7),
(383, 24, 8),
(384, 24, 9),
(385, 24, 10),
(386, 24, 12),
(387, 24, 11),
(388, 24, 21),
(389, 24, 20),
(390, 24, 24),
(391, 24, 22),
(392, 24, 28),
(393, 24, 32),
(394, 24, 33),
(395, 24, 34),
(396, 24, 36),
(397, 24, 37),
(398, 24, 38),
(399, 24, 39),
(400, 24, 41),
(401, 24, 40),
(402, 24, 47),
(403, 24, 49),
(405, 24, 46),
(406, 24, 51),
(407, 24, 52),
(408, 24, 55),
(409, 24, 55),
(410, 25, 1),
(411, 25, 17),
(412, 25, 25),
(413, 25, 26),
(414, 25, 27),
(415, 25, 30),
(416, 25, 29),
(417, 25, 48),
(418, 25, 53),
(426, 26, 2),
(427, 26, 4),
(428, 26, 6),
(429, 26, 7),
(430, 26, 8),
(431, 26, 9),
(432, 26, 10),
(433, 26, 12),
(434, 26, 11),
(435, 26, 21),
(436, 26, 20),
(437, 26, 24),
(438, 26, 22),
(439, 26, 28),
(440, 26, 32),
(441, 26, 33),
(442, 26, 34),
(443, 26, 36),
(444, 26, 37),
(445, 26, 38),
(446, 26, 39),
(447, 26, 41),
(448, 26, 40),
(449, 26, 47),
(450, 26, 49),
(452, 26, 46),
(453, 26, 51),
(454, 26, 52),
(455, 26, 55),
(456, 26, 55),
(457, 27, 1),
(458, 27, 17),
(459, 27, 25),
(460, 27, 26),
(461, 27, 27),
(462, 27, 30),
(463, 27, 29),
(464, 27, 48),
(465, 27, 53),
(472, 26, 58),
(473, 28, 1),
(474, 28, 17),
(475, 28, 25),
(476, 28, 26),
(477, 28, 27),
(478, 28, 30),
(479, 28, 29),
(480, 28, 48),
(481, 28, 53),
(488, 29, 2),
(489, 29, 4),
(490, 29, 6),
(491, 29, 7),
(492, 29, 8),
(493, 29, 9),
(494, 29, 10),
(495, 29, 12),
(496, 29, 11),
(497, 29, 21),
(498, 29, 20),
(499, 29, 24),
(500, 29, 22),
(501, 29, 28),
(502, 29, 32),
(503, 29, 33),
(504, 29, 34),
(505, 29, 36),
(506, 29, 37),
(507, 29, 38),
(508, 29, 39),
(509, 29, 41),
(510, 29, 40),
(511, 29, 47),
(512, 29, 49),
(514, 29, 46),
(515, 29, 51),
(516, 29, 52),
(517, 29, 55),
(518, 29, 55),
(519, 29, 59),
(520, 30, 2),
(521, 30, 4),
(522, 30, 6),
(523, 30, 7),
(524, 30, 8),
(525, 30, 9),
(526, 30, 10),
(527, 30, 12),
(528, 30, 11),
(529, 30, 21),
(530, 30, 20),
(531, 30, 24),
(532, 30, 22),
(533, 30, 28),
(534, 30, 32),
(535, 30, 33),
(536, 30, 34),
(537, 30, 36),
(538, 30, 37),
(539, 30, 38),
(540, 30, 39),
(541, 30, 41),
(542, 30, 40),
(543, 30, 47),
(544, 30, 49),
(546, 30, 46),
(547, 30, 51),
(548, 30, 52),
(549, 30, 55),
(550, 30, 55),
(551, 31, 1),
(552, 31, 17),
(553, 31, 25),
(554, 31, 26),
(555, 31, 27),
(556, 31, 30),
(557, 31, 29),
(558, 31, 48),
(559, 31, 53),
(566, 30, 60),
(567, 28, 61),
(568, 31, 61),
(569, 23, 61),
(570, 27, 61),
(571, 21, 61),
(572, 25, 61),
(573, 32, 2),
(574, 32, 4),
(575, 32, 6),
(576, 32, 7),
(577, 32, 8),
(578, 32, 9),
(579, 32, 10),
(580, 32, 12),
(581, 32, 11),
(582, 32, 21),
(583, 32, 20),
(584, 32, 24),
(585, 32, 22),
(586, 32, 28),
(587, 32, 32),
(588, 32, 33),
(589, 32, 34),
(590, 32, 36),
(591, 32, 37),
(592, 32, 38),
(593, 32, 39),
(594, 32, 41),
(595, 32, 40),
(596, 32, 47),
(597, 32, 49),
(599, 32, 46),
(600, 32, 51),
(601, 32, 52),
(602, 32, 55),
(603, 32, 55),
(635, 34, 1),
(636, 34, 17),
(637, 34, 25),
(638, 34, 26),
(639, 34, 27),
(640, 34, 30),
(641, 34, 29),
(642, 34, 48),
(643, 34, 53),
(644, 34, 61),
(650, 32, 62),
(651, 36, 2),
(652, 36, 4),
(653, 36, 6),
(654, 36, 7),
(655, 36, 8),
(656, 36, 9),
(657, 36, 10),
(658, 36, 12),
(659, 36, 11),
(660, 36, 21),
(661, 36, 20),
(662, 36, 24),
(663, 36, 22),
(664, 36, 28),
(665, 36, 32),
(666, 36, 33),
(667, 36, 34),
(668, 36, 36),
(669, 36, 37),
(670, 36, 38),
(671, 36, 39),
(672, 36, 41),
(673, 36, 40),
(674, 36, 47),
(675, 36, 49),
(676, 36, 46),
(677, 36, 51),
(678, 36, 52),
(679, 36, 55),
(680, 36, 55),
(681, 36, 60),
(682, 37, 1),
(683, 37, 17),
(684, 37, 25),
(685, 37, 26),
(686, 37, 27),
(687, 37, 30),
(688, 37, 29),
(689, 37, 48),
(690, 37, 53),
(691, 37, 61),
(692, 38, 2),
(693, 38, 4),
(694, 38, 6),
(695, 38, 7),
(696, 38, 8),
(697, 38, 9),
(698, 38, 10),
(699, 38, 12),
(700, 38, 11),
(701, 38, 21),
(702, 38, 20),
(703, 38, 24),
(704, 38, 22),
(705, 38, 28),
(706, 38, 32),
(707, 38, 33),
(708, 38, 34),
(709, 38, 36),
(710, 38, 37),
(711, 38, 38),
(712, 38, 39),
(713, 38, 41),
(714, 38, 40),
(715, 38, 47),
(716, 38, 49),
(717, 38, 46),
(718, 38, 51),
(719, 38, 52),
(720, 38, 55),
(721, 38, 55),
(723, 39, 1),
(724, 39, 17),
(725, 39, 25),
(726, 39, 26),
(727, 39, 27),
(728, 39, 30),
(729, 39, 29),
(730, 39, 48),
(731, 39, 53),
(732, 39, 61),
(738, 38, 63),
(739, 40, 2),
(740, 40, 4),
(741, 40, 6),
(742, 40, 7),
(743, 40, 8),
(744, 40, 9),
(745, 40, 10),
(746, 40, 12),
(747, 40, 11),
(748, 40, 21),
(749, 40, 20),
(750, 40, 24),
(751, 40, 22),
(752, 40, 28),
(753, 40, 32),
(754, 40, 33),
(755, 40, 34),
(756, 40, 36),
(757, 40, 37),
(758, 40, 38),
(759, 40, 39),
(760, 40, 41),
(761, 40, 40),
(762, 40, 47),
(763, 40, 49),
(764, 40, 46),
(765, 40, 51),
(766, 40, 52),
(767, 40, 55),
(768, 40, 55),
(770, 41, 1),
(771, 41, 17),
(772, 41, 25),
(773, 41, 26),
(774, 41, 27),
(775, 41, 30),
(776, 41, 29),
(777, 41, 48),
(778, 41, 53),
(779, 41, 61),
(785, 40, 64),
(786, 42, 2),
(787, 42, 4),
(788, 42, 6),
(789, 42, 7),
(790, 42, 8),
(791, 42, 9),
(792, 42, 10),
(793, 42, 12),
(794, 42, 11),
(795, 42, 21),
(796, 42, 20),
(797, 42, 24),
(798, 42, 22),
(799, 42, 28),
(800, 42, 32),
(801, 42, 33),
(802, 42, 34),
(803, 42, 36),
(804, 42, 37),
(805, 42, 38),
(806, 42, 39),
(807, 42, 41),
(808, 42, 40),
(809, 42, 47),
(810, 42, 49),
(811, 42, 46),
(812, 42, 51),
(813, 42, 52),
(814, 42, 55),
(815, 42, 55),
(817, 43, 1),
(818, 43, 17),
(819, 43, 25),
(820, 43, 26),
(821, 43, 27),
(822, 43, 30),
(823, 43, 29),
(824, 43, 48),
(825, 43, 53),
(826, 43, 61),
(832, 42, 35),
(833, 44, 2),
(834, 44, 4),
(835, 44, 6),
(836, 44, 7),
(837, 44, 8),
(838, 44, 9),
(839, 44, 10),
(840, 44, 12),
(841, 44, 11),
(842, 44, 21),
(843, 44, 20),
(844, 44, 24),
(845, 44, 22),
(846, 44, 28),
(847, 44, 32),
(848, 44, 33),
(849, 44, 34),
(850, 44, 36),
(851, 44, 37),
(852, 44, 38),
(853, 44, 39),
(854, 44, 41),
(855, 44, 40),
(856, 44, 47),
(857, 44, 49),
(858, 44, 46),
(859, 44, 51),
(860, 44, 52),
(861, 44, 55),
(862, 44, 55),
(864, 45, 1),
(865, 45, 17),
(866, 45, 25),
(867, 45, 26),
(868, 45, 27),
(869, 45, 30),
(870, 45, 29),
(871, 45, 48),
(872, 45, 53),
(873, 45, 61),
(879, 44, 65),
(880, 46, 2),
(881, 46, 4),
(882, 46, 6),
(883, 46, 7),
(884, 46, 8),
(885, 46, 9),
(886, 46, 10),
(887, 46, 12),
(888, 46, 11),
(889, 46, 21),
(890, 46, 20),
(891, 46, 24),
(892, 46, 22),
(893, 46, 28),
(894, 46, 32),
(895, 46, 33),
(896, 46, 34),
(897, 46, 36),
(898, 46, 37),
(899, 46, 38),
(900, 46, 39),
(901, 46, 41),
(902, 46, 40),
(903, 46, 47),
(904, 46, 49),
(905, 46, 46),
(906, 46, 51),
(907, 46, 52),
(908, 46, 55),
(909, 46, 55),
(911, 47, 1),
(912, 47, 17),
(913, 47, 25),
(914, 47, 26),
(915, 47, 27),
(916, 47, 30),
(917, 47, 29),
(918, 47, 48),
(919, 47, 53),
(920, 47, 61),
(926, 46, 66),
(927, 48, 2),
(928, 48, 4),
(929, 48, 6),
(930, 48, 7),
(931, 48, 8),
(932, 48, 9),
(933, 48, 10),
(934, 48, 12),
(935, 48, 11),
(936, 48, 21),
(937, 48, 20),
(938, 48, 24),
(939, 48, 22),
(940, 48, 28),
(941, 48, 32),
(942, 48, 33),
(943, 48, 34),
(944, 48, 36),
(945, 48, 37),
(946, 48, 38),
(947, 48, 39),
(948, 48, 41),
(949, 48, 40),
(950, 48, 47),
(951, 48, 49),
(952, 48, 46),
(953, 48, 51),
(954, 48, 52),
(955, 48, 55),
(956, 48, 55),
(958, 49, 1),
(959, 49, 17),
(960, 49, 25),
(961, 49, 26),
(962, 49, 27),
(963, 49, 30),
(964, 49, 29),
(965, 49, 48),
(966, 49, 53),
(967, 49, 61),
(973, 48, 67),
(974, 50, 2),
(975, 50, 4),
(976, 50, 6),
(977, 50, 7),
(978, 50, 8),
(979, 50, 9),
(980, 50, 10),
(981, 50, 12),
(982, 50, 11),
(983, 50, 21),
(984, 50, 20),
(985, 50, 24),
(986, 50, 22),
(987, 50, 28),
(988, 50, 32),
(989, 50, 33),
(990, 50, 34),
(991, 50, 36),
(992, 50, 37),
(993, 50, 38),
(994, 50, 39),
(995, 50, 41),
(996, 50, 40),
(997, 50, 47),
(998, 50, 49),
(1000, 50, 46),
(1001, 50, 51),
(1002, 50, 52),
(1003, 50, 55),
(1004, 50, 55),
(1005, 51, 1),
(1006, 51, 17),
(1007, 51, 25),
(1008, 51, 26),
(1009, 51, 27),
(1010, 51, 30),
(1011, 51, 29),
(1012, 51, 48),
(1013, 51, 53),
(1014, 51, 61),
(1020, 50, 68),
(1021, 52, 2),
(1022, 52, 4),
(1023, 52, 6),
(1024, 52, 7),
(1025, 52, 8),
(1026, 52, 9),
(1027, 52, 10),
(1028, 52, 12),
(1029, 52, 11),
(1030, 52, 21),
(1031, 52, 20),
(1032, 52, 24),
(1033, 52, 22),
(1034, 52, 28),
(1035, 52, 32),
(1036, 52, 33),
(1037, 52, 34),
(1038, 52, 36),
(1039, 52, 37),
(1040, 52, 38),
(1041, 52, 39),
(1042, 52, 41),
(1043, 52, 40),
(1044, 52, 47),
(1045, 52, 49),
(1046, 52, 46),
(1047, 52, 51),
(1048, 52, 52),
(1049, 52, 55),
(1050, 52, 55),
(1052, 53, 1),
(1053, 53, 17),
(1054, 53, 25),
(1055, 53, 26),
(1056, 53, 27),
(1057, 53, 30),
(1058, 53, 29),
(1059, 53, 48),
(1060, 53, 53),
(1061, 53, 61),
(1067, 52, 69),
(1069, 54, 4),
(1071, 54, 7),
(1072, 54, 8),
(1073, 54, 9),
(1074, 54, 10),
(1075, 54, 12),
(1076, 54, 11),
(1079, 54, 24),
(1080, 54, 22),
(1081, 54, 28),
(1082, 54, 32),
(1083, 54, 33),
(1084, 54, 34),
(1085, 54, 36),
(1086, 54, 37),
(1087, 54, 38),
(1088, 54, 39),
(1089, 54, 41),
(1090, 54, 40),
(1091, 54, 47),
(1092, 54, 49),
(1093, 54, 46),
(1094, 54, 51),
(1095, 54, 52),
(1098, 54, 57),
(1099, 55, 1),
(1100, 55, 17),
(1101, 55, 25),
(1102, 55, 26),
(1103, 55, 27),
(1104, 55, 30),
(1105, 55, 29),
(1106, 55, 48),
(1107, 55, 53),
(1108, 55, 61),
(1114, 24, 70),
(1116, 20, 22),
(1117, 20, 24),
(1118, 20, 28),
(1119, 20, 47);

-- --------------------------------------------------------

--
-- Tabellenstruktur für Tabelle `elements`
--

CREATE TABLE IF NOT EXISTS `elements` (
  `id` int(11) NOT NULL AUTO_INCREMENT,
  `type` varchar(255) NOT NULL,
  `ident` varchar(255) NOT NULL,
  `isvar` tinyint(1) NOT NULL,
  `text` longtext NOT NULL,
  `x` int(5) NOT NULL,
  `y` int(5) NOT NULL,
  `fontsize` int(3) NOT NULL,
  `fontweight` varchar(5) NOT NULL,
  `align` varchar(1) NOT NULL DEFAULT 'J',
  `valign` varchar(1) NOT NULL DEFAULT 'T',
  `lang` varchar(2) NOT NULL,
  `gclabel` tinyint(1) NOT NULL,
  `width` int(11) NOT NULL,
  `height` int(11) NOT NULL,
  `cert_ident` varchar(5) NOT NULL,
  `print` tinyint(1) NOT NULL DEFAULT '1',
  PRIMARY KEY (`id`)
) ENGINE=InnoDB  DEFAULT CHARSET=utf8 AUTO_INCREMENT=71 ;

--
-- Daten für Tabelle `elements`
--

INSERT INTO `elements` (`id`, `type`, `ident`, `isvar`, `text`, `x`, `y`, `fontsize`, `fontweight`, `align`, `valign`, `lang`, `gclabel`, `width`, `height`, `cert_ident`, `print`) VALUES
(2, 'text', 'Certification Body: DQS CFS GmbH', 0, 'Certification Body: DQS CFS GmbH', 51, 275, 10, '', 'L', '', 'EN', 0, 0, 0, '0', 1),
(4, 'textbox', 'CompanyName', 1, 'CompanyName', 51, 65, 18, 'B', 'L', 'B', 'XX', 0, 150, 20, '0', 1),
(6, 'text', 'CFS Address', 0, 'DQS CFS GmbH, August-Schanz-Straße 21, 60433 Frankfurt am Main', 51, 280, 10, '', 'L', '', 'XX', 0, 0, 0, '0', 1),
(7, 'text', 'Certificate registration no.', 0, 'Certificate registration no.', 51, 196, 12, '', 'L', '', 'EN', 0, 0, 0, '0', 1),
(8, 'text', 'Date of certification', 0, 'Date of certification', 51, 201, 12, '', 'L', '', 'EN', 0, 0, 0, '0', 1),
(9, 'text', 'Valid until', 0, 'Valid until', 51, 206, 12, '', 'L', '', 'EN', 0, 0, 0, '0', 1),
(10, 'text', 'CERTREGNO', 1, 'CERTREGNO', 110, 196, 12, '', 'L', '', 'XX', 0, 0, 0, '0', 1),
(12, 'date', 'CertValidUntil', 1, 'CertValidUntil', 110, 206, 12, '', 'L', '', 'XX', 0, 0, 0, '0', 1),
(17, 'textbox', 'CompanyName', 1, 'CompanyName', 50, 225, 30, 'B', 'C', 'B', 'XX', 1, 110, 30, '0', 1),
(18, 'qr', 'QR Code URL DE', 0, 'https://www.mydqs.com/kunden/kundendatenbank.html?aoemydqs%5Baction%5D=singleView&aoemydqs%5Bcompany_no%5D={CERTREGNO}', 180, 265, 0, '', 'L', '', 'DE', 0, 20, 0, '0', 1),
(19, 'text', '[GRI] Certtext', 0, 'have engaged DQS to provide independent assurance over its sustainability report, compiled according to the GRI G4 Guidelines. The engagement took place from xx.xx.201x to xx.x.201x.\r\n\r\nThe assurance engagement was performed in accordance with a Type x assurance of the AA1000 Assurance Standard (AA1000AS 2008). The findings can be read in the Assurance Statement.', 50, 120, 11, '', 'J', '', 'EN', 0, 0, 0, '9988', 1),
(20, 'text', 'CERTIFICATE Headline', 0, 'CERTIFICATE', 50, 20, 40, 'B', 'L', '', 'EN', 0, 0, 0, '0', 1),
(21, 'text', 'This is to certify that', 0, 'This is to certify that', 50, 44, 12, '', 'L', '', 'EN', 0, 0, 0, '0', 1),
(22, 'textbox', 'CompanyStreet', 1, 'CompanyStreet', 51, 81, 10, '', 'L', '', 'XX', 0, 0, 0, '0', 1),
(24, 'text', 'CompanyCountry', 1, 'Country', 51, 95, 10, '', 'L', '', 'XX', 0, 0, 0, '0', 1),
(25, 'text', 'CompanyCountry', 1, 'Country', 51, 260, 18, '', 'C', '', 'XX', 1, 110, 0, '0', 0),
(26, 'text', 'CERTREGNO', 1, 'CERTREGNO', 162, 275, 12, '', 'L', '', 'XX', 1, 0, 0, '0', 1),
(27, 'text', 'CompanyCity', 1, 'CompanyCity', 51, 250, 20, '', 'C', '', 'XX', 1, 110, 0, '0', 0),
(28, 'text', 'CompanyCity', 1, 'CompanyCity', 51, 90, 10, '', 'L', '', 'XX', 0, 0, 0, '0', 1),
(29, 'date', 'CertValidUntil', 1, 'CertValidUntil', 162, 270, 12, '', 'L', '', 'XX', 1, 0, 0, '0', 1),
(30, 'text', 'GCIDENT', 1, 'GCIDENT', 162, 280, 12, '', 'L', '', 'XX', 1, 0, 0, '0', 1),
(31, 'qr', 'QR Code URL DE', 0, 'https://www.mydqs.com/kunden/kundendatenbank.html?aoemydqs%5Baction%5D=singleView&aoemydqs%5Bcompany_no%5D={CERTREGNO}', 10, 255, 0, '', 'L', '', 'DE', 1, 20, 0, '0', 1),
(32, 'gclogo', 'gclogo', 0, 'gclogo', 160, 190, 0, '', '', '', 'XX', 0, 40, 0, '0', 1),
(33, 'signature', 'sadek', 0, 'sadek', 53, 230, 0, '', '', '', 'XX', 0, 23, 0, '0', 1),
(34, 'text', 'Scope:', 0, 'Scope:', 51, 115, 11, '', 'L', '', 'EN', 0, 0, 0, '0', 1),
(35, 'text', '[Product Quality] Certtext', 0, 'has fully met the international requirements of the Global Conformance program as set out in the Global Conformance guidelines for quality.\r\n', 50, 142, 11, '', 'J', '', 'EN', 0, 0, 0, '211', 1),
(36, 'textbox', 'Scope', 1, 'Scope Text', 51, 120, 9, '', 'L', '', 'XX', 0, 0, 0, '0', 1),
(37, 'logo', 'CustomerLogo', 0, 'CustomerLogo', 145, 60, 0, '', '', '', 'XX', 0, 45, 0, '0', 1),
(38, 'text', 'The organization is authorized to bear the following GC-Mark:', 0, 'The organization is authorized to bear the following GC-Mark:', 51, 170, 12, 'B', 'L', '', 'EN', 0, 0, 0, '0', 1),
(39, 'text', 'Name of GC Mark - Title Variable Replace', 0, '{GCNAME}', 51, 180, 18, 'B', 'L', '', 'XX', 0, 120, 0, '0', 1),
(40, 'text', 'DQS CFS GmbH', 0, 'DQS CFS GmbH', 51, 220, 14, 'B', 'L', '', 'XX', 0, 0, 0, '0', 1),
(41, 'text', 'Dr. Sied Sadek', 0, 'Dr. Sied Sadek\r\nManaging Director (CEO)', 51, 251, 10, '', 'L', '', 'XX', 0, 0, 0, '0', 1),
(46, 'text', 'German Association for Sustainability', 0, 'German Association for Sustainability', 51, 226, 10, 'B', 'L', '', 'EN', 0, 0, 0, '0', 1),
(47, 'text', 'CompanyZipCode', 1, 'CompanyZipCode', 51, 90, 10, '', 'L', '', 'XX', 0, 0, 0, '0', 1),
(48, 'qr', 'QR Code URL EN', 0, 'https://www.mydqs.com/en/customers/customer-database.html?aoemydqs%5Baction%5D=singleView&aoemydqs%5Bcompany_no%5D={CERTREGNO}', 10, 255, 0, '', 'L', '', 'EN', 1, 30, 0, '0', 1),
(49, 'qr', 'QR Code URL EN', 0, 'https://www.mydqs.com/en/customers/customer-database.html?aoemydqs%5Baction%5D=singleView&aoemydqs%5Bcompany_no%5D={CERTREGNO}', 186, 273, 0, '', 'L', '', 'EN', 0, 13, 0, '0', 1),
(50, 'text', '[EN 16636] Certtext', 0, 'has fully met the international requirements of the Global Conformance program as set out in the Global Conformance guidelines for quality. The company has been audited according to the requirements of the EN 16636 standard.\r\n', 51, 140, 11, '', 'J', '', 'EN', 0, 0, 0, '666', 1),
(51, 'date', 'CertDate', 1, 'CertDate', 110, 198, 12, '', 'L', '', 'XX', 0, 0, 0, '0', 1),
(52, 'textbox', 'Joined CompanyStreet', 0, '{CompanyStreet}\r\n{CompanyZipCode} {CompanyCity}\r\n{CompanyCountry}', 51, 96, 10, '', 'L', 'T', 'XX', 0, 90, 30, '0', 0),
(53, 'text', 'JoinedCompanyCity', 0, '{CompanyCity}\r\n{CompanyCountry}', 51, 260, 20, '', 'C', '', 'XX', 1, 110, 0, '0', 1),
(54, 'signature', 'sadek', 0, 'sadek', 50, 230, 0, '', '', '', 'XX', 0, 30, 0, '0', 1),
(55, 'gaelogo', 'gae', 0, 'gae logo', 93, 235, 0, '', '', '', 'XX', 0, 65, 0, '0', 1),
(56, 'text', '[HACCP] Certtext', 0, 'has fully met the international requirements of the Global Conformance program for hygiene. The organization has implemented and maintains a hygiene management system in accordance with the HACCP principles.\r\n \r\n', 50, 135, 11, '', 'J', '', 'EN', 0, 0, 0, '340', 1),
(57, 'text', '[BCM] Certtext', 0, 'has fully met the international requirements of the Global Conformity program and complies with ISO 22301 : 2012 (Business Continuity Management). The organization fulfils the requirements to plan, establish, implement, operate, monitor, review, maintain and continually improve a management system to protect against, reduce the likelihood of occurrence, prepare for, respond to and recover from disruptive incidents when the arise.\r\n', 50, 135, 11, '', 'J', '', 'EN', 0, 0, 0, '311', 1),
(58, 'text', '[EN 15593] Certtext', 0, 'has fully met the international requirements of the Global Conformance program as set out in the Global Conformance guidelines for quality. The company has been audited according to the requirements of the EN 15593 standard.\r\n', 50, 135, 11, '', 'J', '', 'EN', 0, 0, 0, '350', 1),
(59, 'text', '[Sedex] Certtext', 0, 'has fully met the international requirements of the Global Conformance program as set out in the Global Conformance guidelines for sustainability. The organization has been audited according to the SMETA 5.0 protocol.\r\n\r\n', 50, 135, 11, '', 'J', '', 'EN', 0, 0, 0, '301', 1),
(60, 'text', '[DIN 10500] Certtext', 0, 'has fully met the international requirements of the Global Conformance program as set out in the Global Conformance guidelines for quality. Through an assessment, it has been verified that the products mentioned above are suitable for use in food and beverage processing facilities.\r\n', 50, 135, 11, '', 'J', '', 'EN', 0, 0, 0, '281', 1),
(61, 'date', 'CertDate', 1, 'CertDate', 110, 201, 12, '', 'R', '', 'XX', 1, 0, 0, '0', 0),
(62, 'text', '[Green Company] Certtext', 0, 'has fully met the international requirements of the Global Conformance program as set out in the Global Conformance guidelines for sustainability. \r\n', 50, 135, 11, '', 'J', '', 'EN', 0, 0, 0, '303', 1),
(63, 'text', '[Trusted Brand] Certtext', 0, 'has fully met the international requirements of the Global Conformance program as set out in the Global Conformance guidelines. \r\n', 50, 135, 11, '', 'J', '', 'EN', 0, 0, 0, '803', 1),
(64, 'text', '[Verified Hygienic Product] Certtext', 0, 'has fully met the international requirements of the Global Conformance program as set out in the Global Conformance guidelines for hygiene. \r\n', 50, 135, 11, '', 'J', '', 'EN', 0, 0, 0, '231', 1),
(65, 'text', '[Verified Service Quality] Certtext', 0, 'has fully met the international requirements of the Global Conformance program as set out in the Global Conformance guidelines for service quality. \r\n', 50, 135, 11, '', 'J', '', 'EN', 0, 0, 0, '402', 1),
(66, 'text', '[Green Product] Certtext', 0, 'has fully met the international requirements of the Global Conformance program as set out in the Global Conformance guidelines for sustainability. \r\n', 50, 135, 11, '', 'J', '', 'EN', 0, 0, 0, '241', 1),
(67, 'text', '[Verified Customer Satisfaction] Certtext', 0, 'has fully met the international requirements of the Global Conformance program as set out in the Global Conformance guidelines for customer satisfaction.  \r\n', 50, 135, 11, '', 'J', '', 'EN', 0, 0, 0, '403', 1),
(68, 'text', '[SocialResponsibility] Certtext', 0, 'has implemented and maintains a Social Responsibility Management System. Through an audit, documented in a report, it was verified that the management system fulfills the requirements of the Global Conformity Mark program for social responsibility. The management system considers the principles and core subjects of the international guidance ISO 26000:2010 "Guidance on social responsibility".\r\n', 50, 130, 11, '', 'J', '', 'EN', 0, 0, 0, '309', 1),
(69, 'text', '[Verified Supply Chain Security Management] Certtext', 0, 'has fully met the international requirements of the Global Conformance program as set out in the Global Conformance guidelines for security. The Security Management System for the supply chain fulfils the requirements set out in ISO 28000:2007.\r\n\r\n', 50, 135, 11, '', 'J', '', 'EN', 0, 0, 0, '720', 1),
(70, 'text', '[KGMP] Certtext', 0, 'has fully met the international requirements of the Global Conformance program and complies with EN ISO 22716 : 2007 Cosmetics – Good Manufacturing Practices (GMP) – Guidelines on Good Manufacturing Practices.\r\n', 50, 135, 11, '', 'J', '', 'EN', 0, 0, 0, '811', 1);

-- --------------------------------------------------------

--
-- Tabellenstruktur für Tabelle `sessions`
--

CREATE TABLE IF NOT EXISTS `sessions` (
  `session_id` varchar(40) NOT NULL,
  `data` text,
  `ip` varchar(40) DEFAULT NULL,
  `agent` varchar(255) DEFAULT NULL,
  `stamp` int(11) DEFAULT NULL,
  PRIMARY KEY (`session_id`)
) ENGINE=InnoDB DEFAULT CHARSET=utf8;

--
-- Daten für Tabelle `sessions`
--

INSERT INTO `sessions` (`session_id`, `data`, `ip`, `agent`, `stamp`) VALUES
('b28iofh7ngts8k5fjuimgcaul4', '', '::1', 'Mozilla/5.0 (Windows NT 6.1; WOW64) AppleWebKit/537.36 (KHTML, like Gecko) Chrome/50.0.2661.102 Safari/537.36', 1463484113);

-- --------------------------------------------------------

--
-- Tabellenstruktur für Tabelle `user`
--

CREATE TABLE IF NOT EXISTS `user` (
  `id` int(11) NOT NULL AUTO_INCREMENT,
  `username` varchar(255) NOT NULL,
  `password` varchar(255) NOT NULL,
  `adminuser` tinyint(1) NOT NULL,
  PRIMARY KEY (`id`)
) ENGINE=InnoDB  DEFAULT CHARSET=utf8 AUTO_INCREMENT=4 ;

--
-- Daten für Tabelle `user`
--

INSERT INTO `user` (`id`, `username`, `password`, `adminuser`) VALUES
(1, 'timmels', '63c7acf2826011d1a7956301f54789c3', 1),
(2, 'willaertt', '4fbf5d7d3517d1d0741d2fb49196e89b', 1),
(3, 'radlachs', 'd57cb5936e50d0ce3789eb965e48ecbb', 1);

/*!40101 SET CHARACTER_SET_CLIENT=@OLD_CHARACTER_SET_CLIENT */;
/*!40101 SET CHARACTER_SET_RESULTS=@OLD_CHARACTER_SET_RESULTS */;
/*!40101 SET COLLATION_CONNECTION=@OLD_COLLATION_CONNECTION */;
